t_id,tiempo
6220,1
2831,1
5951,1
139,2
9680,2
10054,2
1125,2
1609,2
2767,2
8146,3
1019,3
6031,3
10027,3
8444,3
1408,3
9658,3
6045,3
483,3
6775,4
2181,4
3788,4
60,4
3487,4
3566,5
981,5
2213,5
4201,5
2668,5
4531,5
8114,6
9227,6
2192,6
1621,6
5172,6
7920,6
3851,7
1528,7
665,7
6832,7
2168,7
5781,7
573,7
6210,8
8056,8
525,8
10133,9
7847,9
3775,9
1550,9
5575,10
5466,10
2116,10
4895,10
1618,10
4638,10
7066,10
9045,10
7200,11
9702,11
3409,11
2103,11
5999,11
1373,11
3598,11
9542,11
2043,11
2076,12
6801,12
4060,12
808,12
758,12
9679,13
4774,13
6437,14
7921,14
6855,14
8302,14
6338,14
90,15
8883,15
6813,15
7160,15
2490,15
5231,15
515,15
1785,16
1644,16
5208,16
1238,16
9058,16
7539,16
9423,16
961,17
2921,17
4875,17
3285,17
3116,17
3352,17
5916,17
8692,18
6672,18
10233,18
9114,18
2431,18
5862,18
1855,18
8198,18
4064,18
3824,18
9521,19
1222,19
5213,19
1574,19
1307,19
3048,20
4308,20
6738,20
10406,20
4902,20
3529,21
628,21
807,21
6643,21
10409,21
6440,21
873,21
7713,22
6170,22
3900,22
4824,22
878,22
122,22
6143,22
6820,23
6721,23
526,23
10547,23
7557,23
237,23
2225,23
3415,24
643,24
6881,24
3564,24
7183,24
7563,24
3655,24
7236,25
2241,25
4579,25
6252,25
7581,25
10247,26
3019,26
5876,26
5706,26
5457,26
3922,26
3672,26
559,26
8231,26
4348,27
6859,27
2062,27
154,27
9157,27
523,27
6747,27
7230,27
5926,28
736,28
8024,28
9824,28
220,28
7475,28
7443,29
2989,29
367,29
8023,29
7111,29
4695,29
3639,29
7397,29
7237,29
8746,29
6789,29
1290,29
7646,30
8760,30
5715,30
2016,30
8474,30
5255,30
3649,30
4488,30
9377,30
5323,31
717,31
9596,31
3795,31
2410,31
1343,32
4407,32
2935,32
7252,32
7180,33
4818,33
7559,33
7839,33
10297,33
3075,33
1191,33
1496,33
895,33
5632,33
6055,34
8215,34
8149,34
4555,34
5630,35
10317,35
5108,35
6351,36
9927,36
8592,36
7106,36
9615,37
8684,37
3677,37
5839,37
4928,37
7451,37
8947,37
210,37
1091,38
2771,38
3362,38
8222,39
3517,39
904,39
9360,40
4582,40
1385,40
7497,40
3956,40
8098,41
2126,41
7348,41
2773,41
7112,41
5669,41
8579,41
7015,42
510,42
401,42
1701,42
4989,42
3025,42
2843,43
6561,43
8676,43
6125,43
3654,43
1424,44
8801,44
6476,44
9353,44
1971,44
2768,45
8619,45
8138,45
2155,45
279,45
7913,46
9663,46
1150,46
4926,46
8965,47
4883,47
3456,47
8389,47
6057,47
4038,47
2283,47
7528,47
5956,47
2676,48
9544,48
3838,48
1349,49
9673,49
9990,49
3797,49
9080,50
7650,50
3983,50
9543,50
2791,50
6564,50
7726,50
2211,51
4425,51
9706,51
4822,51
9759,51
4217,52
2570,52
819,52
5891,52
10187,52
7792,52
8478,52
6719,52
1073,52
7498,53
7262,53
9931,53
9792,53
7531,53
3127,54
3059,54
5948,54
8955,54
6515,54
2350,54
4525,54
4865,55
3859,55
7903,55
2485,55
10540,55
5446,55
7572,55
6282,55
6284,55
1884,56
6814,56
8067,56
2177,56
5193,56
2316,56
6090,57
10310,57
10367,57
7263,57
4221,57
9725,57
9126,58
5025,58
8563,58
8705,58
8690,58
5494,58
8433,58
5722,59
3017,59
3220,59
7600,59
2243,59
7107,59
6784,60
3144,60
322,60
8924,60
9370,60
8008,60
9029,61
5855,61
686,61
1879,61
5792,61
8521,62
6453,62
10464,62
3674,62
8864,62
751,63
4572,63
3451,63
6889,63
9069,63
1896,63
9102,64
2911,64
6674,64
8182,64
2362,64
6676,64
8643,65
9497,65
4959,65
9758,65
5883,65
8533,65
2425,65
10042,66
169,66
106,66
4515,66
6329,67
3848,67
5326,67
4166,67
1582,67
3147,68
5985,68
9414,68
5534,68
9882,68
3375,69
3870,69
5826,69
9458,69
5311,69
9812,69
8921,69
7186,69
4127,69
9272,69
3691,70
1142,70
6494,71
7055,71
10263,71
3016,71
3297,71
7120,71
1815,71
8956,72
5995,72
3572,72
3590,72
8268,72
8634,72
688,72
99,72
9131,72
4873,72
5952,72
5454,72
9210,73
5741,73
7543,73
8662,73
4858,74
6912,74
4911,75
8938,75
10212,75
2753,75
10377,75
3670,75
8240,75
9371,75
8412,75
6431,76
3960,76
2555,76
4289,77
9875,77
2577,77
7387,77
4594,77
2146,77
3627,78
5680,78
6644,78
8325,78
2203,78
2528,78
1041,78
8792,78
4096,79
3435,79
7550,79
8972,79
9754,79
884,79
2984,79
1575,79
8640,80
9654,80
7445,80
7080,80
9116,80
10498,80
1809,81
2840,81
8906,81
1729,81
1660,81
6002,81
4265,81
2548,81
8400,83
5756,83
8417,84
3428,84
1831,84
7805,84
5709,84
5028,85
3974,85
9203,85
9264,85
10076,85
2530,85
6005,85
4146,85
7213,85
1110,85
10311,85
7773,85
4632,86
4676,86
2152,86
2044,86
2030,86
7422,86
131,87
8438,87
7255,87
4091,87
3421,87
7755,87
5961,87
1335,87
3261,87
2646,88
9230,88
6472,88
716,88
7215,88
3801,89
603,89
4760,89
5252,89
9346,89
8939,89
36,89
5517,89
8476,90
1109,90
4567,90
900,90
2206,90
6429,91
4554,91
7668,91
1549,91
10529,92
6610,92
8406,92
10092,93
8421,93
4207,93
916,93
8896,93
5222,93
540,93
2667,93
4474,93
4359,94
4431,94
9320,94
8545,94
5380,94
287,94
2432,95
5482,95
419,95
5903,95
10238,95
9590,95
1278,95
1026,95
6776,95
5998,95
5223,96
10307,96
9584,96
10457,97
7202,97
2171,97
6624,97
1250,97
9970,97
4502,97
1743,97
8817,98
3827,98
8161,98
1029,98
6229,98
5801,98
8808,98
449,99
10061,99
1437,99
9064,99
3521,99
1778,99
7094,99
3719,99
7095,100
10179,100
3701,100
4170,100
2853,100
10474,100
2244,100
9837,100
7476,100
474,100
5902,100
3166,100
5485,101
8376,101
10129,101
8338,101
9324,102
8294,102
4708,102
3302,102
1423,102
10013,102
5056,102
1331,102
4496,102
1925,102
5721,102
1680,103
1344,103
8220,103
3141,103
8535,103
4655,103
359,103
5142,104
16,104
7636,104
9165,104
9908,104
4269,104
9517,104
5504,104
5125,105
5744,105
4604,105
8685,106
5760,106
2445,106
3524,106
4471,106
3063,106
2612,106
8301,106
5540,106
8667,106
296,106
8663,107
9411,107
8274,107
4656,107
7988,107
10479,107
765,107
8007,108
307,108
1371,108
54,108
5381,108
4799,108
9295,109
8059,109
2084,109
3771,109
7861,109
4810,109
7717,109
3951,110
2635,110
2976,110
2172,110
2013,110
2409,110
4607,110
3047,110
7408,111
7165,111
2347,111
6262,111
5376,111
7793,112
62,112
8560,112
7235,112
2706,113
1777,113
394,113
5752,113
6523,113
5850,114
6973,114
3575,114
7161,114
7028,114
8863,114
4244,114
5491,114
1999,114
5371,115
5543,115
5095,115
10531,116
402,116
3776,116
10219,116
6786,116
6836,116
9483,116
1202,116
2517,117
9961,117
7590,117
4016,117
668,117
7121,117
8027,117
9466,117
518,117
6884,117
6165,117
9015,117
4532,118
4701,118
6918,118
8173,118
5353,118
7287,118
6025,119
4929,119
6433,119
1280,119
4887,119
1086,119
2278,120
7495,120
2549,120
10538,121
8440,121
5642,121
6368,121
7188,121
737,122
416,122
2473,122
2744,122
5053,122
3494,123
6733,123
1926,123
5675,123
2294,123
4839,123
5022,123
9586,124
2883,124
4961,124
2724,124
3289,124
4671,124
749,124
6636,124
620,124
4332,124
3486,124
10221,124
1253,124
4108,124
6422,125
3323,125
7546,125
10299,125
3930,125
5797,125
6056,125
4021,125
4563,126
8695,126
9595,126
2247,126
8585,126
6759,126
5403,126
9452,126
5097,127
2079,127
7788,127
1633,127
8996,127
10049,127
8865,127
1758,127
6741,127
3008,128
10060,128
141,128
3210,128
7912,128
4420,128
6370,128
1675,129
9332,129
7446,129
5090,129
4557,129
3970,129
5190,130
1064,130
4116,130
8125,130
5066,130
1043,130
8687,130
1664,130
6373,130
186,131
4618,131
7304,131
3990,131
468,131
8450,131
1639,131
10490,132
8776,132
3164,132
9191,132
7179,132
8839,132
5276,132
1163,132
1297,133
7732,133
2510,133
10473,133
6259,133
4143,133
5336,134
9235,134
5242,134
6508,134
9881,134
10200,134
5503,135
9555,135
2980,135
8334,135
1623,135
6185,135
9255,135
3326,136
5825,136
6255,136
9214,136
2739,136
8265,137
3254,137
4874,137
1928,137
6023,137
176,137
9183,138
6792,138
8104,138
10341,138
1229,138
8014,138
2466,138
441,138
3596,138
8635,139
7478,139
6117,139
8530,139
4560,139
6454,139
2477,139
4575,139
1329,140
2102,140
9381,140
7587,140
9005,140
2616,140
7886,140
9909,140
1265,140
4757,140
3216,140
8998,140
1996,141
4024,141
1586,141
990,141
1053,141
7813,141
8030,141
2258,142
10456,142
877,142
5700,142
1863,142
2260,143
9816,143
9562,143
5810,144
9536,144
12,144
9952,144
7038,145
5674,145
590,145
5604,145
9091,145
9248,145
8028,146
6544,146
227,146
9649,146
3227,147
8163,147
3568,147
7661,148
8699,148
1079,148
6648,148
8081,148
1319,148
1841,148
5205,148
8949,149
292,149
8721,149
10,150
9848,150
2419,150
3715,150
496,150
8829,150
531,150
10232,151
6633,151
3783,151
2985,151
92,151
3188,151
2602,151
8719,151
2830,151
3717,151
5040,152
1791,152
9869,152
2426,152
856,152
4697,152
8670,152
9540,152
10411,152
4141,152
8859,152
2219,153
10089,153
4022,153
1859,153
3319,153
2245,153
4487,153
10016,154
2108,154
5987,154
3233,154
3335,154
3131,155
6514,155
5308,155
5738,155
7221,156
4837,156
8673,156
8039,157
8196,157
9043,157
9934,157
10496,157
5027,157
8813,157
9094,157
3177,158
7942,158
7586,158
3153,158
1949,158
3692,158
5806,158
10148,158
5207,159
5085,159
8576,159
5732,159
2195,159
5154,159
8855,159
10031,160
719,160
7852,160
2059,160
6669,160
6219,160
2641,160
7789,161
9613,161
7794,161
7785,161
6762,161
3839,161
2012,162
5417,162
1663,162
3601,162
7003,162
10197,162
4797,163
8037,163
960,163
2020,163
1934,164
5755,164
815,164
4942,164
10491,164
7854,165
9957,165
1927,165
107,165
4880,166
3067,166
8550,166
269,166
343,166
192,166
9988,166
2584,166
875,167
3002,167
9747,167
10020,167
1740,167
1886,167
4209,167
549,167
10312,167
9428,168
4689,168
1630,168
2378,168
10193,168
5421,168
9632,168
3430,168
6412,168
59,168
1678,168
3226,169
8902,169
2518,169
5917,169
8822,169
4599,169
4343,169
10264,169
9331,169
5574,169
71,170
1530,170
3046,170
10248,170
3238,170
855,170
6070,170
30,171
7092,171
9859,171
3875,171
2812,172
4327,172
1502,172
6333,172
3461,172
4859,172
6322,172
3842,172
6334,172
3259,172
1369,172
3668,172
3711,172
3809,173
7363,173
4041,173
3761,174
5619,174
2759,174
2770,174
6306,174
10157,174
6155,175
8012,175
6375,175
9326,175
3395,175
6401,175
9159,175
7784,175
5143,176
8184,176
10249,176
2416,176
2901,177
407,177
9538,177
9128,177
1454,177
10160,177
3512,178
7313,178
10453,178
4718,178
7175,178
5631,178
6532,178
100,178
9308,178
4766,178
3931,178
9678,178
3383,178
7154,179
2863,179
1901,179
4568,179
4593,179
6383,179
9938,179
10480,179
9598,179
8322,180
317,180
6410,180
6769,180
726,180
1808,180
5676,180
2423,180
6580,180
3129,180
5943,181
8136,181
10147,181
3190,181
9206,181
10071,181
6144,181
3541,181
7277,182
6809,182
10166,182
3527,182
9465,182
5342,182
4808,183
7166,183
4070,183
7893,183
5907,183
7899,183
1983,184
9449,184
4190,184
655,184
6641,184
5498,184
9323,184
1302,184
8946,184
10281,185
7597,185
4478,186
3330,186
8137,186
617,186
4779,187
7544,187
6793,187
2826,187
10151,187
4252,187
4050,188
9014,188
9633,188
9228,188
6874,188
6922,188
10222,188
3682,189
8051,189
5605,189
4947,189
412,189
1207,189
8889,189
9479,189
8090,189
9981,189
5821,190
10410,190
5527,190
9379,190
184,191
1913,191
4402,191
10101,192
3963,192
8026,192
2391,192
5884,192
1795,192
932,193
128,193
7473,193
4791,193
6434,193
6599,193
6202,193
3189,194
1179,194
4011,194
5362,194
5794,194
3292,194
6823,194
5166,194
4796,195
6752,195
6816,195
5802,195
8672,195
8072,195
4801,195
10032,195
5937,196
10541,196
3478,196
1184,196
1482,196
7770,196
612,197
7438,197
8632,197
8591,197
1762,197
2793,197
9991,198
4027,198
7867,198
6033,198
1632,198
4696,199
9376,199
6943,199
4162,199
8047,199
8497,200
5301,200
7977,200
2113,200
3890,200
2173,200
5434,201
2998,201
3793,201
7945,201
8091,201
8430,201
6314,201
5931,202
10214,202
4120,202
1669,202
4813,202
2774,202
1569,203
2232,203
3325,203
2077,203
7841,203
8348,203
4267,204
906,204
882,204
10271,204
7848,204
7428,204
1161,204
10139,204
6470,204
1267,204
2051,205
1359,205
8603,205
6232,205
8350,205
6841,206
7946,206
8997,206
4762,206
6967,206
8962,206
8124,206
2468,206
3952,206
1524,207
3576,207
5773,207
7297,207
6349,207
7632,207
2112,207
1834,208
735,208
9976,208
6834,208
376,208
593,208
9252,208
4960,208
5453,208
2588,209
5233,209
305,209
2489,209
3571,209
3903,209
9240,209
4979,210
8838,210
2072,210
10164,210
6392,210
6411,210
175,210
1626,210
524,211
4913,211
705,211
3880,211
4931,211
2040,211
9831,211
4410,212
8925,212
10085,212
381,212
3696,212
6578,212
3307,212
3448,212
4370,213
10010,213
4912,213
4723,213
10242,213
9246,213
1542,213
10142,214
4031,214
569,214
5088,214
7222,214
1602,214
1919,214
3891,214
8335,214
6753,214
9686,214
6227,215
3869,215
6101,215
4982,215
1787,216
5316,216
4051,216
3911,216
6428,216
581,216
3224,216
9912,216
2193,216
7864,217
1328,217
8717,217
2954,217
4481,217
10070,217
5930,217
10100,217
8900,217
9968,218
6060,218
1074,218
5348,218
4541,218
1257,218
7953,219
1118,219
2532,219
2004,219
3673,219
4231,219
9018,219
6075,219
7254,219
9862,219
1862,219
6871,220
783,220
1759,220
2224,220
1256,220
8449,221
8973,221
4264,221
2858,221
5118,221
10300,222
4459,222
2356,222
5554,222
3121,222
6451,222
7959,222
6151,222
4122,223
2124,223
1711,223
1914,223
651,223
7189,223
9772,223
8696,224
816,224
9502,224
6817,224
2061,224
909,225
1754,225
6609,225
3652,225
4349,225
7219,225
10145,225
1561,225
7690,225
8566,225
10486,225
95,226
10107,226
773,226
9628,226
3407,226
6164,226
642,226
10472,227
8455,227
8277,227
8020,227
1003,227
9231,228
7691,228
6379,228
4036,228
5793,229
1380,229
6690,229
7159,229
7341,230
9111,230
5249,230
2274,230
9059,230
9437,231
9531,231
7300,231
5021,231
2165,231
944,232
9701,232
4616,232
3663,232
4922,233
10036,233
8546,233
2531,233
552,233
8731,233
6059,233
9522,233
10250,234
788,234
5529,234
3850,234
9569,235
1994,235
4905,235
455,235
7606,235
10542,235
6851,236
3898,236
919,236
2605,236
2663,236
3334,236
1571,237
4514,237
10057,237
9887,237
2775,238
7377,238
2949,238
5219,238
140,238
4623,238
8087,238
2936,238
8158,238
8464,238
17,239
8823,239
3003,239
5586,239
9779,239
4627,239
3502,239
1703,239
6911,240
372,240
2001,240
814,241
4934,241
5442,241
5452,241
10344,241
10384,241
5304,241
4171,241
9355,241
6520,241
6849,241
4786,242
1781,242
7067,242
864,242
5478,242
2543,242
5658,242
5873,242
388,242
4020,243
7658,243
7626,243
4384,243
9751,243
7689,243
4114,244
10001,244
2895,244
802,244
3679,244
9238,244
6930,244
7381,245
8319,245
6183,245
6661,245
5507,245
7611,245
4206,245
5436,245
9140,245
49,245
9621,245
7670,246
701,246
46,246
365,246
2104,246
3535,246
8570,246
5194,246
7253,247
4015,247
4879,247
7032,247
8532,247
7324,247
1731,247
373,247
823,247
4125,247
5199,248
3821,248
7791,248
8064,248
1645,248
7843,248
6109,248
9672,248
6058,249
491,249
8753,249
1088,249
1209,249
7162,249
3520,249
8757,249
2785,250
6526,250
3244,250
5606,251
7026,251
8518,251
7797,251
6625,251
1946,251
7276,252
8971,252
291,252
5079,252
8298,252
2872,252
1828,252
6894,252
2912,253
5522,253
8190,253
1776,253
3567,253
8780,253
1953,253
6995,254
8525,254
4007,254
5037,254
9676,255
7823,255
466,255
3735,255
6135,256
1653,256
8507,256
8987,256
3109,256
4505,256
843,256
609,256
994,256
9922,256
6931,256
5157,256
8164,256
1087,257
1751,257
4018,257
2299,257
854,258
4830,258
9860,258
10126,258
3180,258
4025,258
9142,258
5577,258
7009,258
5580,259
704,259
5329,259
6541,259
6464,259
5072,259
10526,259
5406,259
1479,260
3,260
8077,260
3606,260
1655,260
2542,260
9992,260
4338,260
803,260
7388,260
781,261
5860,261
6405,261
9770,261
1458,261
5221,261
5034,261
2073,261
8897,261
2228,262
4815,262
7153,262
352,262
4977,262
9073,263
3574,263
7152,263
422,263
7540,264
6203,264
700,264
3429,264
2662,264
2940,264
3491,264
9167,264
6935,264
9487,265
2526,265
74,265
3690,265
3804,265
9315,265
8983,266
144,266
5908,266
8472,266
7980,266
5092,266
946,266
7671,266
9813,266
1050,267
5599,267
5769,267
4319,267
6782,267
2546,268
5113,268
8977,268
3995,268
6138,268
1356,268
3250,268
3774,268
5518,268
2669,269
1722,269
3659,269
3548,269
976,269
1282,269
3644,270
9878,270
5549,270
1057,270
263,271
597,271
7746,271
5600,271
5996,271
813,271
6804,272
109,272
5612,272
4429,272
3760,272
10251,272
3152,272
3184,272
5594,272
8590,273
7062,273
2377,273
9047,273
10433,273
10543,273
4399,273
9666,273
605,274
5439,274
5939,274
2047,274
5696,274
606,274
1649,274
5065,274
2801,274
9627,274
3255,275
825,275
9617,275
3218,275
2158,275
4172,275
530,275
10392,275
1526,276
8856,276
3917,276
5318,276
5075,277
4713,277
7258,277
2758,277
3538,277
1122,277
2091,277
1540,277
4733,277
2388,277
922,277
2305,278
151,278
6728,278
2221,278
3765,278
2787,278
6302,278
5601,278
4455,279
3693,279
6499,279
3927,279
7396,279
7321,279
708,280
6067,280
4965,280
945,280
5932,280
9137,280
1234,280
9106,280
4250,281
1071,281
8116,281
7897,281
6178,282
3156,282
1269,282
7566,282
52,282
7405,282
6772,282
2715,283
3269,283
2159,283
8665,283
5544,284
9194,284
2692,284
1392,284
1816,284
9667,284
5150,284
662,284
3802,284
5341,284
6316,285
6014,285
6098,285
10189,285
3885,285
10523,285
2903,285
434,285
5966,285
6800,285
8286,285
7437,285
4842,286
7615,286
5483,286
2944,286
8734,286
1700,287
6407,287
5176,287
8621,287
2288,287
4761,287
1305,287
2865,287
7334,287
3854,288
10079,288
1094,288
6914,288
2142,288
10202,288
6281,288
3464,288
3946,289
6290,289
4937,289
4967,289
6011,289
839,289
3173,290
1887,290
6149,290
1581,290
7085,290
3904,291
477,291
2223,291
10342,291
4249,291
1453,292
9918,292
7233,292
7985,292
8218,292
8561,293
1001,293
10132,293
7941,293
2593,294
7325,294
6566,294
1140,294
1959,294
1099,294
3068,294
1284,295
7217,295
1386,295
2392,295
6217,295
8508,295
817,295
8789,295
7851,295
8772,296
10492,296
1216,296
1397,296
6976,296
2990,296
3510,296
3588,296
4239,297
6818,297
5396,297
8276,297
6878,297
1016,297
9208,297
5849,298
10284,298
5788,298
6097,298
2502,298
2286,298
9415,298
2782,298
5130,298
3282,299
5146,299
837,299
10476,299
2382,299
8344,299
1340,299
6666,299
8729,299
7801,300
6050,300
2730,300
3379,300
2850,301
3303,301
527,301
4039,301
8279,301
3991,302
2263,302
9192,302
782,302
6979,302
9417,302
10444,303
8709,303
5170,303
2214,303
9762,303
2540,303
3507,303
2756,303
7286,303
560,303
8107,303
7466,304
4846,304
5033,304
1936,305
1010,305
9914,305
3992,305
5938,305
3266,305
887,306
7596,306
4602,306
3011,306
3872,307
2893,307
8631,307
1176,307
1505,307
1309,307
4999,308
4881,308
7193,308
8132,308
1942,308
3159,308
1414,308
2802,309
1705,309
8046,309
10343,309
9113,309
1220,309
3416,309
1553,309
7505,309
3199,309
10072,309
6180,310
10499,310
1366,310
9906,310
8199,310
9756,311
3852,311
5551,311
6204,311
1513,311
8960,312
1710,312
3753,312
1430,312
4904,313
2844,313
7345,313
3042,313
2851,313
10319,313
9285,313
4755,313
858,314
3871,314
7369,314
5366,314
7364,314
3752,314
4232,314
8843,314
7,314
6289,315
206,315
4832,315
9901,315
2749,315
3321,316
5934,316
6774,316
2885,316
6193,316
3134,317
2837,317
5880,317
2284,317
1536,317
7659,317
1076,317
9826,318
10083,318
7655,318
2010,319
2110,319
1151,319
1213,319
10439,320
3949,320
7768,320
8352,320
8408,320
2521,320
939,320
5547,321
2154,321
3214,321
3135,321
5039,321
10497,321
8964,321
4047,322
5899,322
2367,322
7644,322
1704,322
6936,323
2519,323
2994,323
8155,323
1548,323
7088,323
162,324
8651,324
9,324
6177,324
2323,325
10416,325
6072,325
3542,325
5024,325
5258,326
3863,326
8543,326
7211,326
5427,326
3714,326
10120,327
4871,327
198,327
5464,327
1263,327
1899,327
8601,327
6105,327
5474,327
9161,327
8999,328
6539,328
2404,328
3022,328
4849,328
7757,329
1133,329
8162,329
6734,329
5980,329
1183,329
950,330
3009,330
1968,330
9373,330
5965,331
3501,331
1668,331
2372,331
614,331
3332,331
8133,332
8208,332
1847,332
3243,332
7164,332
9270,332
7041,333
7808,333
7769,333
9577,333
9132,333
9558,333
3405,333
6751,333
7677,334
1980,334
2535,334
2563,334
1330,334
7425,335
4542,335
4462,335
1966,335
5175,335
4259,335
469,336
7199,336
5822,336
1396,336
8213,336
3050,336
8088,337
5280,337
9629,337
5705,337
3281,337
2881,337
8899,337
8586,337
10241,338
8368,338
10423,338
1741,338
890,338
7568,338
1696,338
636,339
5416,339
9786,339
4646,339
3866,340
8664,340
7420,340
6024,340
8238,340
6945,340
2571,340
7720,341
7536,341
10518,342
8679,342
6876,342
6365,342
4292,343
8043,343
10088,343
6264,343
9085,343
7664,344
8646,345
5352,345
8353,345
578,345
7697,345
443,345
3446,345
3764,346
6565,346
10294,347
2052,347
7271,347
3786,347
7370,347
8313,347
630,347
7991,347
9283,348
7525,348
3958,348
8764,348
9867,348
9104,348
4416,349
4787,349
4445,349
3874,349
8170,349
459,349
7737,350
7744,350
8357,350
1235,350
2877,350
9950,350
5099,350
6260,350
2135,350
5096,350
9765,351
2086,351
5701,351
3093,351
9403,352
2182,352
8166,352
5351,352
35,352
8615,352
2982,352
6061,353
1490,353
8551,353
1116,353
1090,353
2361,353
2183,353
9457,353
6385,353
10534,354
9384,354
4586,354
6299,355
10524,355
9233,355
5049,355
2023,355
10477,355
6298,355
125,355
624,356
224,356
1498,356
9753,356
10515,356
6835,356
3265,356
4850,356
4074,356
8565,356
2691,357
5151,357
9746,357
6372,357
10050,357
274,357
3815,357
7171,357
3327,358
7940,358
6093,358
3500,358
6111,358
7542,358
836,358
7144,358
3061,358
3490,358
311,358
10509,359
10252,359
6027,359
1730,359
1656,359
2796,360
3704,360
5469,360
574,360
4685,361
2534,361
8361,361
1144,361
3344,361
7455,362
9340,362
5671,362
3509,362
9879,362
9873,362
9422,362
76,362
6981,363
1614,363
5946,363
4954,363
7603,363
827,363
1160,363
9513,363
289,363
7976,363
9380,363
1760,364
1870,364
7208,364
6207,364
7995,364
1683,364
420,364
132,364
4614,364
2042,365
5109,365
1615,365
8903,365
3689,365
7288,365
5382,365
7802,365
1661,366
10454,366
6115,366
8423,366
4729,366
1525,366
7320,366
7323,366
4398,367
2401,367
1843,367
398,367
2,367
10055,367
9016,368
4328,368
2202,368
7442,368
8221,368
10171,368
333,368
8165,368
188,369
2483,369
10318,369
5214,369
7954,369
4722,369
8626,369
10545,369
649,369
2446,369
2201,369
5325,370
281,370
1976,370
4443,370
257,370
9897,370
5077,370
2808,370
5137,370
6176,371
3893,371
7878,371
7565,371
7809,371
10173,371
5841,371
37,371
9364,372
5901,372
840,372
9438,372
693,373
4855,373
8341,373
5139,373
10386,373
669,373
7766,373
2822,374
10270,374
4451,374
294,374
9802,374
2024,374
6892,374
1674,374
4885,374
3750,375
3112,375
8655,375
2660,375
5259,375
3387,375
2050,375
3543,375
2630,375
7479,375
3957,376
5673,376
8345,376
7046,376
7126,376
9900,376
9648,377
7666,377
5291,377
4439,377
8888,377
8720,378
8807,378
4739,379
4500,379
9660,379
8895,379
4583,379
6799,379
5761,379
7922,380
4408,380
9367,380
7357,380
5014,380
9274,380
5397,380
5298,380
1478,380
8845,381
8117,381
8520,381
3053,381
2494,381
10396,382
4591,382
320,382
3187,382
6948,383
7132,383
6474,383
159,383
5335,383
6,383
7865,383
9087,383
258,383
4197,384
8267,384
4395,384
3333,384
2209,384
4333,384
7829,385
9156,385
6795,385
729,385
2055,385
5244,386
3495,386
6875,386
5874,386
9049,386
10430,386
7082,386
9044,387
6448,387
10230,387
2761,387
1467,387
2235,387
8126,387
2933,387
1783,388
973,388
604,388
6188,388
859,388
7884,388
6389,389
2880,389
234,389
4660,389
201,389
5690,389
6554,389
5531,389
9187,389
3933,390
5979,390
1315,390
2904,390
4710,390
6697,390
5812,391
14,391
3208,391
10361,391
9218,391
8321,392
414,392
2655,393
9989,393
3396,393
1856,393
7931,393
4330,393
7503,394
4256,394
5618,394
9076,394
1068,394
9234,395
10210,395
347,396
734,396
7678,396
4647,396
5357,396
1682,396
3620,396
2236,396
1364,397
6654,397
6380,397
288,397
236,397
1060,397
4971,397
8287,397
4564,397
3110,397
4214,397
1338,398
2492,398
6479,398
5103,398
8494,398
5728,399
8804,399
6717,399
8708,399
4664,399
5644,399
8526,399
710,399
8022,399
4753,399
7090,400
9293,400
10161,400
2008,400
4191,400
5953,400
6768,401
6891,401
9077,401
4187,401
8195,402
9564,402
6663,402
8638,402
6788,402
3359,402
8825,402
8003,402
1587,402
7073,403
8849,403
2341,403
2484,403
156,404
1130,404
8068,404
5713,404
8904,404
9402,405
7391,405
1464,405
1628,405
5319,405
8660,405
6296,405
9642,405
8177,406
7863,406
1951,406
7907,406
9775,406
5887,406
4004,406
2718,406
8326,407
2162,407
6847,407
4310,407
8367,408
10420,408
4247,408
3853,408
8991,408
9017,408
6696,408
7207,409
5493,409
8588,409
9583,409
2037,409
6447,409
2101,409
977,409
9296,410
1350,410
8529,410
6868,410
5772,411
47,411
10112,411
8253,411
3027,412
8145,412
6012,412
8669,412
6512,412
10175,412
3909,412
4245,412
2972,413
4857,413
7570,413
8554,414
2601,414
2523,414
8890,414
5185,415
9276,415
5235,415
2081,415
4953,415
4828,415
5584,415
440,416
3140,416
6600,416
9401,416
299,416
136,416
8932,416
1545,416
4804,417
6905,417
8366,417
5656,417
5273,417
7515,417
4334,417
9599,417
989,417
1357,418
9781,418
1565,418
8228,418
10257,419
1172,419
6490,419
6275,419
8905,419
3505,419
2726,419
8916,419
5251,419
7818,420
1042,420
9737,420
600,420
3516,420
6522,420
10048,421
992,421
868,421
507,421
685,421
4752,421
1045,421
1941,421
295,421
6867,421
8434,421
248,422
6519,422
6147,422
870,422
4017,422
2262,422
2497,423
3860,423
10546,423
2242,423
272,423
9985,423
3935,423
9337,423
8756,424
5918,424
7127,424
9535,424
6489,424
9480,424
3504,424
3107,425
10194,425
6192,425
1577,425
7382,425
6569,425
7635,426
899,426
4062,426
4185,426
10021,427
4524,427
4491,427
2879,427
5004,427
3103,428
7902,428
6703,428
2882,428
5968,428
9946,428
1506,429
3270,429
10536,429
1031,429
3800,429
1372,429
3559,430
8762,430
1849,430
10140,430
3856,431
5920,431
2082,431
675,431
3203,431
4389,431
522,431
4694,431
9917,432
8715,432
6010,432
1463,432
5127,432
328,432
6006,432
9260,432
6048,433
6934,433
3418,433
9692,433
4300,433
767,433
1698,433
6417,433
7149,433
4492,434
2237,434
1616,434
233,434
3580,434
3235,434
9446,434
7534,434
5196,434
4897,434
8516,435
7736,435
1551,435
2942,435
5141,435
10274,435
3278,435
5359,435
5894,435
6486,435
10091,435
2966,435
6953,435
3300,436
9972,436
9435,436
2836,436
5950,436
7643,437
7898,437
4083,437
9740,437
9459,437
4227,437
4045,438
10557,438
8420,438
8751,438
2420,438
660,438
5114,439
4539,439
2026,439
7306,439
262,439
1514,439
8118,439
5257,439
153,439
3398,440
6887,440
8919,440
9776,440
3440,440
1690,440
3819,440
6458,440
3954,441
6583,441
9899,442
160,442
7312,442
1818,442
6102,442
68,443
8879,443
7378,443
7527,443
3747,443
1595,444
6304,444
7519,444
1401,444
7006,445
5546,445
6295,445
6467,445
2265,445
10528,445
7978,445
2105,445
9691,445
10086,445
7580,446
7660,446
7575,446
1242,447
6718,447
2816,447
3358,447
7616,447
5086,447
1883,448
1535,448
4485,448
6713,448
5083,449
22,449
2811,449
9719,449
1459,449
4069,449
2296,449
7269,449
5958,449
453,449
6893,450
3830,450
339,450
866,450
8537,450
9677,450
9661,450
3551,451
323,451
1555,451
1069,451
9836,451
4770,452
1039,452
3523,452
7984,452
5776,452
4065,452
2267,452
3585,452
2524,452
3102,452
2501,452
6408,453
9743,453
1440,453
8477,453
6805,453
8512,453
7679,453
6866,453
6588,454
3741,454
7024,454
10216,454
7883,454
10321,454
5343,454
7496,454
8481,454
9965,455
6778,455
9144,455
2476,455
7594,455
9832,455
764,456
5770,456
10425,456
3642,456
2721,456
6901,456
2847,456
3646,456
1318,457
6478,457
5542,457
2427,457
7284,457
2349,457
657,457
3100,458
861,458
5433,458
8281,458
3014,458
4301,458
8053,458
1066,459
3247,459
6510,459
1570,460
7844,460
5020,460
9738,460
9471,460
8372,460
9103,460
6812,460
566,460
5905,460
6200,460
2702,460
2322,460
6187,460
2339,461
2905,461
8830,461
7930,461
5041,461
9383,461
8488,461
8661,461
5448,462
7908,462
506,462
2376,463
244,463
7964,463
542,463
5191,463
10056,464
7054,464
4983,464
8650,464
3176,464
5438,465
5502,465
6989,465
10397,465
10417,465
6920,466
6645,466
862,466
2163,466
9895,466
5499,466
1040,466
1770,467
4261,467
6806,467
8054,467
10047,467
6244,468
4344,468
619,468
2875,468
4434,469
4131,469
25,469
1742,470
4516,470
4898,470
2959,470
2436,471
8343,471
3258,471
7048,471
4153,471
2925,471
3346,471
7638,471
3767,472
8577,472
9835,472
1384,472
6764,472
5514,472
4309,472
2227,472
4290,472
7385,473
9698,473
4291,473
4643,473
6668,473
1268,473
7892,474
8397,474
3769,474
285,474
9455,474
1636,475
5924,475
3522,475
557,475
1300,475
9253,476
2680,476
534,476
775,476
4032,476
646,476
532,476
6710,476
9008,477
216,477
1221,477
6488,477
8548,477
4943,478
743,478
3179,478
348,478
379,478
4985,478
9298,478
411,478
8542,478
6895,479
10144,479
9146,479
9955,479
3796,479
6530,479
3449,479
9526,479
7759,479
3944,480
3350,480
3197,480
4968,480
39,480
988,481
6404,481
5050,481
10272,481
9117,481
9790,481
3163,481
2566,481
3976,481
4714,482
7771,482
10313,482
4088,483
5236,483
2248,483
5292,483
8747,483
10382,483
8793,483
142,483
1190,484
4115,484
3766,484
2080,484
1824,484
8447,484
7937,484
7623,485
4806,485
998,485
4401,485
3373,485
2151,485
9182,485
10289,485
10266,486
5592,486
9031,486
6755,486
1006,487
5870,487
4276,487
7197,487
103,487
1061,487
4130,488
9171,488
102,488
8009,488
2779,488
2653,488
844,488
572,488
5367,488
6402,488
5269,488
6099,488
3973,488
2422,489
7148,489
6556,489
6197,490
6780,490
2623,490
7265,490
1521,490
2986,490
6716,490
10553,490
7725,490
9394,491
5724,491
7416,491
8371,491
8044,491
2833,491
935,491
8154,491
1995,491
4246,492
2611,492
9778,492
7601,492
385,492
5519,492
9213,492
3477,492
4098,492
4053,493
3124,493
2216,493
3150,493
3005,493
3169,493
4189,493
1556,494
3211,494
1893,494
5441,494
6865,495
5212,495
6066,495
8915,495
1588,495
481,495
1415,495
26,495
1115,496
2139,496
3743,496
374,496
8122,497
1920,497
5105,497
7079,497
680,497
9850,497
3628,497
8285,497
4998,497
2185,497
4507,497
9847,498
3371,498
1814,498
2514,499
5091,499
8194,499
2648,499
9207,499
3219,500
6927,500
9694,500
8262,500
6628,500
842,501
7350,501
8351,501
7926,501
745,501
4634,501
7099,502
3592,502
1902,502
4798,502
9704,502
9454,502
3832,502
5461,502
9907,502
9975,502
5035,503
7696,503
5073,503
3290,503
282,503
4489,504
3389,504
9818,504
4781,504
4387,504
2845,505
9314,505
8821,505
5854,505
9309,505
2455,505
5344,506
4941,506
6830,507
9525,507
1167,507
7465,507
10269,507
10078,507
113,507
19,507
6646,508
7815,508
9764,508
2133,508
2913,508
2175,508
242,508
88,508
1171,509
9964,509
10211,509
7227,509
5559,509
1839,510
5646,510
6516,510
9134,511
6742,511
8041,511
1434,511
588,511
5957,511
1084,512
9397,512
5032,512
3680,512
4324,512
6597,512
4284,512
5989,512
1406,513
8055,513
1351,513
3733,513
6427,513
3587,513
3363,514
2308,514
9527,514
8066,514
2413,515
7756,515
8880,515
2834,516
345,516
5912,516
9001,516
4606,516
5576,516
2896,516
3528,516
1744,516
9475,517
5119,517
8463,517
9545,518
5869,518
2835,518
9451,518
4152,518
2249,518
8197,519
3982,519
5541,519
3782,519
3823,519
5101,519
6330,519
9797,519
1157,519
7772,519
1786,520
3508,520
9501,520
3049,520
314,520
3404,520
273,521
8752,521
2889,521
6715,521
8885,521
1217,521
4678,521
4461,521
2572,521
4294,522
4648,522
6074,522
6271,522
10516,522
7517,522
5243,522
5347,522
845,522
7657,522
8211,522
4622,522
5698,522
7398,522
1829,523
987,523
7137,523
9761,523
6749,523
4105,523
9341,523
7228,524
8142,524
7354,524
3514,524
6705,524
9987,524
4800,524
5782,524
571,525
2098,525
7777,525
1249,525
3157,525
1245,526
2304,526
4452,526
5458,526
10244,526
1518,527
7303,527
1095,527
8025,527
918,527
7798,527
1078,528
5774,528
3738,528
6239,528
7014,529
9643,529
9757,530
6862,530
8263,530
10340,530
1875,530
4360,530
5195,530
4409,530
4923,530
9587,530
1547,530
5661,530
6127,530
10348,531
10484,531
579,531
4731,531
6189,531
6982,532
1725,532
3215,533
4657,533
1168,533
2581,533
5789,533
3861,533
9363,533
7266,533
5811,533
5245,533
2760,533
5426,534
9354,534
5739,534
6332,534
5611,534
10116,535
9891,535
1878,535
3609,535
6679,536
5238,536
5064,536
6007,536
5043,536
6529,536
5583,536
2435,536
3298,536
9785,537
5657,537
1508,537
2282,537
2607,537
4587,538
9488,538
9389,538
724,538
1718,539
5313,539
929,539
6215,539
183,539
908,540
9268,540
5459,540
5068,540
218,540
6766,540
3648,541
2186,541
8810,541
6266,541
4085,541
6199,541
8315,541
3724,541
4561,542
6223,542
7681,542
1427,542
3706,542
3834,542
8656,542
9637,542
2974,543
7711,543
8283,543
5206,543
7389,543
7502,543
615,543
3185,543
1231,544
6790,544
2701,544
1611,544
2557,544
7573,544
4103,544
1035,545
7799,545
575,545
7614,545
493,546
5333,546
397,547
2625,547
231,547
1276,547
913,547
1477,547
3137,548
6113,548
2036,548
3781,548
9731,548
7619,548
7464,548
8411,548
5468,549
4494,549
6343,549
4002,549
8875,549
4241,549
7887,549
9554,550
10442,550
10394,550
4174,550
6743,550
3953,550
161,550
10068,550
10178,550
7804,550
4147,551
9333,551
8948,551
8169,551
1617,551
8513,551
8248,551
2525,551
1572,551
744,551
276,552
2626,552
1708,552
5897,552
1658,552
7223,553
492,553
5332,553
2664,553
6274,553
2398,553
8668,553
6395,553
7102,554
9971,554
8260,554
9609,554
8677,554
2148,554
4438,554
6438,554
7952,555
2704,555
4183,555
1634,555
2720,555
7628,556
1014,556
9700,556
10075,556
3474,557
5538,557
3778,557
1631,557
7229,557
4282,557
9515,557
9470,557
2799,557
8716,558
382,558
9884,558
5972,558
7742,559
10429,559
3969,559
10004,559
7081,559
5164,559
667,560
4990,560
10286,560
1195,560
7840,560
5768,560
5647,560
149,560
391,560
8602,560
5360,560
7589,561
9093,561
7146,561
6167,561
6398,561
3217,561
1672,561
4437,561
5392,561
1715,561
1821,561
2332,561
8778,561
3857,561
266,562
9998,562
4629,562
3315,562
8085,562
9108,562
10511,563
10441,563
2311,563
2465,563
6386,563
7821,563
1501,563
679,563
1493,563
4354,564
5177,564
2624,564
6915,564
3791,564
8128,564
835,564
341,564
51,565
5914,565
6552,565
1051,565
7368,565
9748,566
2697,566
4144,566
2665,566
7168,566
2199,567
45,567
10143,567
8783,567
8318,567
442,567
9576,567
2487,567
2348,567
7682,567
9275,568
2009,568
3342,568
178,568
8739,568
4150,568
9450,568
4447,568
3483,568
7896,568
3492,568
3106,569
4126,569
3037,569
6977,569
10339,569
3847,569
6699,569
9690,570
6553,570
7816,570
7889,570
6355,570
7627,570
10363,571
6803,571
512,571
9979,571
1198,571
2766,571
3267,571
8933,572
5210,572
9589,572
9155,572
2825,572
4179,572
796,572
5047,572
3241,572
7974,572
9749,573
5602,573
487,573
4844,575
7091,575
1156,575
2997,575
2686,575
321,575
6150,575
2776,575
8354,576
1892,576
4827,576
6053,576
2734,576
6300,576
5307,577
1590,577
7998,577
7192,577
6647,577
2399,577
7386,577
7973,577
6848,577
4644,577
595,577
8930,577
6810,578
9514,578
789,578
2363,578
1433,578
1578,578
6226,578
2981,578
8870,578
4178,579
1797,579
9943,579
7634,579
8698,579
9805,579
8767,580
6128,580
5209,580
9189,580
517,580
7128,580
1365,580
5759,580
5076,580
334,581
1597,581
5266,581
6406,581
5807,581
7910,581
6773,581
7043,581
599,582
9158,582
850,582
5271,582
7874,582
10063,582
9930,583
4378,583
9028,583
8452,583
910,583
8479,584
3361,584
10240,584
800,585
3284,585
8572,585
4728,585
10532,585
6987,585
5330,586
5664,586
9798,586
10205,586
362,586
4446,586
5777,586
1840,586
2854,586
5764,586
2970,586
6017,587
4544,587
6732,587
1511,587
1243,587
238,587
7209,588
8275,588
9321,588
4480,588
7675,588
6106,589
6153,589
4625,589
4237,589
7990,589
4033,589
699,589
3385,589
3200,589
3716,589
8291,589
3004,590
8356,590
6819,590
7909,590
7042,591
4176,591
7359,591
4626,591
1324,591
10323,592
2657,592
9288,592
8097,593
6419,593
8016,593
598,593
8063,593
3920,593
1254,593
2383,593
2462,594
4608,594
4396,594
9197,594
7585,594
3343,595
8704,595
1223,595
8920,595
2929,595
1128,595
8084,596
8004,596
9164,596
4551,596
4792,596
6986,596
1495,596
5823,596
1155,597
4337,597
5767,597
5609,597
786,597
1149,597
6970,598
1560,598
5765,598
2610,598
2396,598
73,598
9820,598
1336,598
1027,599
3897,599
7305,599
2585,599
3977,600
8848,600
3647,600
848,600
5521,601
5237,601
10522,601
5009,601
9065,601
7169,602
9804,602
5560,602
4257,602
3901,602
7045,602
3207,602
6850,603
7484,603
2806,603
9211,603
6063,603
4700,603
5809,603
3007,603
2916,604
6094,604
9162,604
6607,605
6993,605
10288,605
7002,605
4005,605
8842,605
5372,605
9594,606
1279,606
3051,606
2928,606
5067,606
1103,606
6883,606
5834,606
7721,606
3454,607
5052,607
4307,607
1316,607
6036,607
1387,607
8503,607
9953,608
1047,608
4526,608
3681,608
7098,608
79,608
1872,608
984,609
6420,609
1817,609
1107,609
8675,609
3392,609
10314,610
4748,610
3626,610
2824,610
9170,610
243,610
4458,610
5418,610
1136,610
6455,611
10124,611
9640,611
72,611
7520,611
5730,611
793,611
9229,611
2454,611
3828,612
2353,612
3132,612
7687,612
703,612
9051,612
2995,613
6974,613
6962,613
4820,613
8270,613
3029,614
9105,614
3394,614
10475,614
10517,614
9181,615
627,615
3320,615
8754,616
2452,616
4397,617
8171,617
4537,617
2919,617
3966,617
1735,617
4512,617
8511,617
8111,617
3458,617
9742,618
3666,618
971,618
7461,618
4109,618
5662,618
5447,618
380,618
2747,618
3888,619
2725,619
7249,619
5707,619
133,619
3122,619
851,620
4230,620
5882,620
5820,620
77,620
2275,620
2627,621
8523,621
1164,621
6409,621
6321,621
5737,621
8743,621
10163,621
7588,622
8396,622
772,622
8917,622
9568,622
6677,622
10387,622
6985,622
7734,622
10246,623
217,623
6570,623
5766,623
2583,624
5984,624
7947,624
8186,624
4316,624
8912,624
7328,624
1123,624
8252,624
8466,625
6230,625
4450,625
1119,625
6228,625
4597,626
3602,626
8995,626
2179,626
7129,626
3756,626
5805,626
7811,627
7760,627
7962,627
167,627
2698,627
10414,627
6456,627
6235,627
8295,627
4490,627
7994,628
4876,628
2511,628
5740,628
120,628
10122,629
9935,629
4484,629
8505,629
2963,629
435,629
9744,629
886,629
9082,629
193,630
9857,630
8386,630
6112,630
7311,630
8418,630
3283,630
9656,630
7022,631
3989,631
8465,631
555,631
778,632
3309,632
3246,632
134,632
4635,632
3052,632
1442,632
6709,633
9178,633
7642,633
4730,633
6929,633
1956,633
10495,633
10463,633
1736,633
9724,634
7955,634
8490,634
8419,634
4313,634
1647,634
6250,634
6629,634
3410,635
3433,635
1012,635
5608,635
375,635
5286,635
7071,635
4008,635
3431,635
968,635
9089,636
5639,636
3939,636
7087,636
5393,636
4845,636
4134,637
172,637
5057,637
10391,637
1604,637
4430,637
5475,637
3671,637
5904,637
2450,637
1241,638
1126,638
6008,638
7698,638
9755,638
1358,638
4251,638
2675,638
8484,639
8974,639
2351,639
4995,639
9840,639
2194,639
618,639
5548,639
4503,639
6182,639
6096,639
1567,640
9728,640
3604,640
5746,640
461,640
7307,640
5338,640
5871,641
3622,641
8927,641
2074,641
4280,641
3699,641
190,641
5,642
6548,642
1492,642
6571,642
1851,642
9420,642
2281,643
8524,643
3256,643
5585,643
5795,643
4645,643
9623,644
6315,644
3563,644
6359,644
8269,644
5413,645
3317,645
4028,645
3664,646
821,646
8179,646
5016,646
9948,647
2507,647
4477,647
3981,647
7800,647
9267,647
4508,647
10111,647
9612,647
9436,647
6903,648
3961,648
10268,648
5780,648
470,648
8050,648
4495,648
5167,648
1409,649
1583,649
7358,649
7514,649
5001,649
9351,650
3232,650
7969,650
4821,650
8340,651
7754,651
260,651
6065,651
5069,651
9398,652
8105,652
4584,652
8398,653
2658,653
222,653
1104,653
1774,653
9306,653
1367,653
3388,653
7346,654
2741,654
8737,654
9977,655
5274,655
7342,655
4375,656
6975,656
3840,656
6737,656
1584,656
5523,656
7114,657
8986,657
9509,657
2797,658
5121,658
3354,658
3438,658
6596,658
3685,658
1291,658
9769,659
6323,659
9009,659
8496,659
5699,659
8761,659
3613,659
7224,659
9995,659
8918,660
2786,660
6972,660
1224,660
2434,660
10390,660
5936,660
7256,661
324,661
5364,661
9936,661
9853,661
2176,661
3603,661
756,662
1972,662
8538,662
9345,662
7452,662
9070,662
5679,662
2038,662
3531,662
1314,662
5993,662
1905,663
6608,663
2861,663
7116,663
10427,664
8013,664
1532,664
10404,664
3115,664
9494,664
7096,664
18,664
2246,664
1750,664
3849,664
7314,665
6902,665
7349,665
392,665
10353,665
1707,666
5587,666
8331,666
3372,666
4374,666
7548,666
9042,666
2017,666
7030,666
5297,667
1181,667
3032,667
10329,667
8816,667
9033,667
6243,667
4924,668
349,668
1005,669
1059,669
3288,669
3928,669
7803,669
8148,669
1608,669
2594,669
9467,669
2033,669
4530,669
7986,670
9098,670
10065,670
93,670
6439,670
2804,670
7143,670
195,670
3209,671
2897,671
6536,671
7005,671
5445,672
6726,672
44,672
2633,672
691,673
2057,673
4569,673
9061,673
3223,673
8393,673
9889,673
7450,673
10325,673
6983,673
4305,674
9097,674
8628,674
503,674
3515,674
8680,674
5833,674
9251,675
10462,675
413,675
5084,675
2868,675
4160,675
4814,675
4090,675
7487,675
3377,675
4318,676
2634,676
7665,676
3412,676
403,676
9003,676
10029,676
2272,676
7433,677
6811,677
7653,677
8176,677
9442,677
7125,678
8818,678
10102,678
7826,678
5727,679
7699,679
9101,679
9399,679
9712,679
6209,679
9904,679
9817,679
1214,680
6604,680
219,680
3066,680
631,680
3168,681
3634,681
7319,681
8943,681
2733,681
8773,682
4509,682
4540,682
1021,682
9721,682
2993,682
1070,683
370,683
130,683
2233,683
6627,683
4939,683
6837,684
1833,684
4385,684
5886,684
9722,685
6660,685
2971,685
7694,685
9644,685
9072,685
4440,685
7220,685
5184,686
3980,686
5779,686
9109,686
8593,686
7900,686
6665,687
5649,687
3316,687
319,687
5046,687
9490,687
763,688
10501,688
7401,688
4848,688
10424,688
5550,688
6502,688
5042,688
6898,688
6558,689
10296,689
8337,689
4951,689
4847,689
6350,690
8614,690
771,690
2529,690
8613,690
1857,691
5290,691
5094,691
6846,691
1709,691
1303,691
9232,692
6216,692
689,692
8926,692
9196,693
7966,693
4076,693
170,693
7593,693
3645,693
6120,693
4900,693
1512,693
5443,693
4578,693
1813,693
6763,694
5614,694
6757,694
6054,694
6163,694
5515,694
10181,694
2735,695
8736,695
1643,695
5975,695
1491,695
7117,695
1916,695
9846,695
4013,695
1820,695
8062,695
6714,696
3618,696
10551,696
8768,696
7362,697
9335,697
1306,697
5566,697
5013,697
9842,697
7410,698
5123,698
6341,698
6765,698
2722,698
9236,698
9696,699
9652,699
6754,699
6964,699
9305,699
7246,699
7618,699
9127,699
7761,700
6997,700
5358,700
6013,700
4414,700
2694,700
626,701
7783,701
6662,701
9388,701
6994,701
8377,701
1412,701
2318,701
1775,702
1641,702
6391,702
7529,702
3202,702
666,702
7869,702
4486,702
1288,702
2729,702
4138,702
7231,702
4238,702
3424,703
3114,703
7551,703
4684,703
6161,703
4444,703
4435,703
5743,704
9413,704
2586,704
9396,704
5663,704
9273,704
1635,704
1827,704
6615,705
10223,705
6146,705
2968,706
739,706
6606,706
5828,706
8707,706
1398,706
1346,706
9115,706
351,707
6064,707
6869,707
1692,707
1404,707
4933,708
2650,708
951,708
2983,708
6162,708
261,708
7856,708
6807,708
2575,708
6691,708
7457,708
9557,709
10507,709
405,709
9239,710
4145,710
8836,710
8451,710
10455,710
8115,710
10245,710
6116,710
777,711
4302,711
10006,711
7076,711
5407,711
7569,711
1258,711
2005,712
7560,712
4286,712
10087,712
5944,712
4340,712
1405,712
2887,712
6156,712
4066,712
10170,713
623,713
1679,713
7371,713
3915,713
4057,713
9713,713
143,714
1475,714
7000,714
4803,714
3058,714
368,714
10138,714
8153,714
8257,714
8686,714
1322,715
8061,715
7176,715
8549,716
4996,716
8237,716
5218,716
4927,716
1461,717
947,717
9703,717
4128,717
799,717
2637,717
6327,718
10113,718
640,718
2266,719
4220,719
8378,719
3151,719
9149,719
6946,719
7749,719
6460,720
1439,720
7763,720
7555,720
10413,720
633,721
3056,721
126,722
7007,722
3136,722
5486,722
1699,722
3020,722
5168,722
3932,723
7674,723
10097,723
3293,723
4956,723
2666,723
6863,724
1723,724
9771,724
5268,724
6886,724
9500,724
7142,724
6839,724
7971,725
9657,725
7059,725
9688,725
3833,725
4456,725
9339,725
9851,725
9476,725
8700,725
4094,725
8018,726
9143,726
8689,726
2979,726
8379,726
9443,727
6159,727
9166,727
7735,727
7488,727
4423,727
5423,727
6121,727
4649,727
5753,728
761,728
278,728
6484,729
2089,729
7232,729
6044,729
8469,729
4380,729
505,729
8748,729
6685,729
10062,729
6088,729
9468,730
9205,730
10167,730
5819,730
9222,730
7605,730
695,730
1462,730
10555,731
6551,731
3073,731
8082,731
83,731
2169,731
7031,731
888,731
1395,731
8223,732
2699,732
5991,732
10287,732
5824,732
602,733
8886,733
671,733
6906,733
7380,733
9684,733
592,733
721,733
754,733
7888,733
8857,733
6026,733
5530,734
5263,734
7419,734
4640,734
6568,734
7595,735
2106,735
2472,735
3459,735
436,735
616,735
5424,735
7855,735
9153,736
2674,736
9057,736
8701,736
4521,736
6263,736
2504,736
5400,736
7061,737
5449,737
6035,738
1756,738
1810,738
8777,738
5689,738
8083,738
5734,738
4073,738
4101,738
8911,739
4203,739
9858,739
4501,739
2007,739
3439,739
677,740
8935,740
9225,740
3078,741
8988,741
9620,741
8758,741
254,741
9618,742
9966,742
3489,742
7806,742
872,742
4930,743
4740,743
7578,743
1697,743
7598,743
4585,743
119,743
4863,743
5134,744
3268,744
4972,744
9916,744
7301,744
9302,745
1471,745
9610,745
5183,746
465,746
6196,746
5729,746
1255,747
5128,747
4736,747
7285,747
3089,747
1301,747
9607,747
9081,747
7545,747
7830,747
3810,748
4974,748
3732,748
3138,749
897,749
4391,749
6779,749
5620,749
8362,749
338,749
384,750
2874,750
2189,750
2207,750
10358,750
7407,751
1963,751
10135,751
4782,751
6767,751
1264,751
7683,751
8209,751
8141,751
2832,752
3427,752
2488,752
2437,752
7329,752
8307,753
10105,753
2360,753
4367,753
8189,753
2946,754
7989,754
110,754
3816,754
3617,754
1529,755
1308,755
7060,755
2596,756
1020,756
84,756
6158,756
7279,756
3382,757
9825,757
7751,757
1739,757
395,757
8811,757
235,758
911,758
4255,758
4055,758
6104,758
8271,758
7522,758
2752,758
658,759
4411,759
6126,759
7819,759
504,759
2512,759
5955,760
9877,760
5467,760
1998,760
6137,760
7078,760
2459,760
2495,760
1866,760
1938,761
8648,761
7411,761
6157,761
2300,761
6630,761
5596,762
10514,762
4864,762
2046,762
8339,762
9602,762
5181,762
8235,763
1153,763
4287,763
3971,763
3496,763
6396,763
6678,764
2617,764
6108,764
5204,764
955,764
3700,765
4223,765
9393,765
2900,765
7424,765
8774,765
3583,765
7413,765
5879,766
6704,766
3030,767
7774,767
7810,767
1853,767
8718,767
8006,767
1908,767
9606,767
1666,767
4611,767
7123,767
8580,767
10440,767
4156,767
3938,768
3322,768
9670,768
6872,769
7620,769
5395,769
75,769
9843,769
7474,770
6698,770
7147,770
6091,770
785,770
4720,770
4037,770
3463,771
9347,771
928,771
4513,771
4001,771
4612,771
1146,772
5528,772
8191,772
8217,772
4949,772
4892,772
2373,772
10465,772
2717,773
7083,773
5571,773
4063,773
2608,773
7538,774
24,774
1009,774
6518,774
8769,774
8349,774
3473,774
6052,774
9925,774
5385,775
9120,775
7360,775
2428,775
7866,775
3337,775
9745,775
7056,775
3013,775
4454,776
6432,776
7426,776
7845,776
8557,776
5062,776
5061,777
8049,777
1732,777
4279,777
361,777
7103,778
8594,778
2092,778
5171,778
9190,778
3884,778
5949,778
9012,778
7574,778
2439,778
2552,778
3262,778
7375,779
1450,779
9777,779
8745,779
784,779
9368,779
1468,779
3503,779
2743,779
6021,779
1225,780
2587,780
2870,780
7317,781
3641,781
7859,781
6285,781
4605,781
647,781
3313,781
3621,781
10196,781
9387,781
1390,781
5147,782
702,782
7399,783
3341,783
9664,783
3728,783
7057,783
3825,783
5808,784
6305,784
4442,784
4121,784
917,785
10028,785
4030,785
4188,785
7541,785
10419,785
731,785
4140,785
9495,786
10258,786
6449,786
4630,787
8473,787
5513,787
828,787
2405,787
6073,787
9954,787
9752,787
1252,787
10399,787
8750,787
4345,787
2678,788
9280,788
6653,788
293,788
7501,788
3260,788
4383,789
2067,789
3722,789
10308,789
10096,789
8156,789
1610,790
9262,790
4182,790
8058,790
2794,790
9185,791
5710,791
9035,791
10192,791
2125,791
7780,791
9695,791
9892,792
3072,792
8571,792
1612,793
806,793
9328,793
6573,793
10400,793
6238,793
2654,793
3128,793
4978,793
8552,794
5401,794
8502,794
6885,794
8388,794
7982,794
6335,794
4058,794
8596,795
5888,795
728,795
9188,795
7602,795
7181,795
3608,796
3986,796
1805,796
3624,796
5368,796
6781,796
8901,796
3553,796
1830,796
2714,797
3077,797
2060,797
548,797
7526,798
5636,798
5747,798
1425,798
10533,798
3822,798
659,798
5287,798
4973,798
5590,799
4281,800
3161,800
3194,800
1922,800
6068,800
9447,801
2386,801
6542,801
5866,801
6231,801
3887,802
4394,802
8629,802
3296,802
8659,802
1627,803
7086,803
3175,803
4903,803
7035,803
587,804
9303,804
277,804
5915,804
6311,804
824,804
8826,804
7268,805
8794,805
3183,805
5390,805
5736,805
2018,806
6589,806
8230,806
2711,806
1333,806
3028,806
4750,807
4168,807
3918,808
7494,808
4428,808
5923,808
9013,808
7831,809
10365,809
3947,809
9894,809
444,809
9325,809
9169,810
5188,810
1591,810
354,810
10038,810
1239,810
7491,810
4295,810
9430,810
10015,810
6527,811
497,811
654,811
4650,811
1023,811
9484,811
1204,812
4562,812
5959,812
8402,812
3792,812
1240,812
6444,812
5071,812
3826,813
4322,813
4362,813
4441,813
3726,813
2406,814
9184,814
202,814
2795,815
881,815
7882,815
673,815
10045,815
755,816
9121,816
5215,816
2987,816
10152,816
486,816
7432,816
8035,816
7936,816
7340,816
9512,817
3570,817
8468,817
4200,817
4254,817
2440,817
6796,817
6592,817
4975,817
4948,817
5314,817
4469,818
4142,818
5158,818
5929,818
2515,818
5098,819
9799,819
2315,819
6084,819
9485,820
1734,820
576,820
1148,820
6249,820
7915,820
2561,820
3146,821
9019,821
7395,821
9100,821
1466,821
2568,821
5484,822
7625,822
3041,822
7315,822
1360,823
9463,823
9424,823
4426,823
1794,823
9814,824
1802,824
10469,824
8457,824
5668,824
3081,825
5895,825
1915,825
6366,825
10064,825
5391,825
2463,826
9307,826
3466,826
3727,826
2938,826
912,826
6543,826
2647,826
10398,826
8893,826
6367,827
7339,827
4213,827
221,827
1873,827
2279,827
5420,828
10023,828
8369,828
5317,828
7564,828
2205,828
2639,828
270,828
4139,828
3432,828
4628,828
7932,828
4157,829
9947,829
1028,829
1554,829
8131,829
1967,830
9444,830
363,830
6620,830
1716,830
6827,830
1546,831
3154,831
197,831
883,831
9600,831
2962,831
6840,831
7134,831
949,831
7122,831
3191,831
7928,832
9390,832
6270,832
7226,832
10234,832
355,832
5248,832
10182,832
127,833
2222,833
9624,833
7257,833
732,833
9310,834
2259,834
5558,834
5633,834
4809,834
2115,835
1228,835
152,835
2948,836
9118,836
5138,836
5500,836
6134,836
6142,836
3304,837
10372,837
2632,837
2295,837
10452,837
3092,837
8410,837
4716,837
6673,838
43,838
3143,838
10236,838
1939,838
5852,838
6595,838
978,838
8405,838
2034,838
556,838
358,839
9734,839
2862,839
4314,839
4785,839
2967,839
6461,839
105,840
2191,840
9265,841
118,841
4691,841
921,841
2326,841
7250,841
9375,842
4732,842
6761,842
3894,842
6292,842
479,843
9242,843
9278,843
1299,843
2554,843
4346,843
9530,843
9919,843
1499,844
2122,844
2746,844
57,844
7072,844
5684,844
5624,844
2738,844
8441,844
7927,844
1753,845
2932,845
1037,845
9025,845
4192,845
6684,845
2114,845
10022,845
9553,846
6369,846
6683,846
9216,846
991,846
3777,847
1082,847
706,847
7020,847
3876,847
7068,847
3380,848
1201,848
2737,848
5202,849
421,849
10489,849
4084,849
4598,849
7119,850
2619,850
7701,850
9063,850
9588,850
683,850
2331,850
6212,851
972,851
7979,851
7706,851
6047,851
10176,851
5324,851
10380,851
356,852
6833,852
1352,852
6371,852
9365,852
4288,852
6450,852
9723,853
5383,853
8470,853
9056,853
7731,853
9349,853
3635,854
9508,854
4601,854
7294,854
1296,854
4297,854
4906,855
50,855
3994,855
9715,855
7639,855
10290,855
6181,855
2254,855
7521,855
4767,856
7738,856
5148,856
5129,856
8290,857
5581,857
8175,857
9172,857
8293,857
8622,857
8428,858
3736,858
9461,858
223,858
3754,858
9893,858
720,858
4520,858
1400,858
1845,859
1640,859
4966,859
1134,859
10209,859
4329,859
7686,859
7767,859
1784,860
5751,860
3240,860
9343,860
5650,860
10008,860
1522,861
9261,861
8781,861
8851,861
6950,861
7157,861
9937,861
8243,861
5623,862
8152,862
7999,862
4536,863
80,863
1219,863
10203,864
7338,864
2087,864
3812,864
931,864
4075,864
10156,864
4793,864
2479,864
1391,864
3658,864
5165,865
832,865
4528,865
8346,865
10393,865
5627,865
9474,866
5282,866
8185,866
6802,866
2906,866
2827,866
4377,867
6377,867
5048,867
5216,867
2915,867
3837,868
2291,868
4709,868
1193,868
2048,868
4382,868
1312,868
9224,868
8500,868
5289,869
1924,869
6500,869
8937,869
4081,869
2819,869
4529,870
718,870
8942,870
7838,870
6657,870
3193,870
2238,870
9124,870
8333,870
5412,870
3855,871
7667,871
1952,871
8775,871
10355,871
7480,872
4315,872
6842,872
7825,872
6824,872
8841,872
10505,872
6360,872
23,873
5476,873
5375,873
1576,873
5110,873
4613,873
6247,874
187,874
9668,874
6852,874
9460,874
2324,874
5481,874
926,875
5610,875
3762,875
3414,875
692,875
5241,875
4312,875
6844,875
2402,875
4132,875
2723,875
5990,875
629,875
4624,875
7047,876
4052,876
4373,876
4118,876
3257,876
1568,876
10422,876
857,876
5702,876
428,876
8206,877
5044,877
7441,877
4840,877
4198,877
4704,877
920,877
635,877
10009,877
611,878
10283,878
3686,878
6268,878
2491,878
8365,878
2683,879
4283,879
1032,879
8968,879
7876,879
2732,880
7264,880
1929,880
709,880
5597,880
2909,881
3353,881
21,881
8251,881
3149,881
5910,881
6374,881
4577,882
9168,882
1955,882
613,882
6681,882
4888,882
6622,883
500,883
6246,883
10128,883
9782,883
1852,883
1819,884
4665,884
4590,884
4326,884
1313,884
3294,884
10155,884
9404,884
6254,884
10332,884
10322,884
340,884
1510,885
9409,885
4293,885
6353,885
2271,885
9591,885
1719,886
4278,886
4615,886
1888,886
462,887
9529,887
3094,887
2923,887
5160,887
1370,887
7651,887
9432,888
6729,888
10275,888
1033,888
8210,889
4621,889
8483,889
7430,889
3605,889
8040,889
2670,889
551,890
5019,890
8089,890
1917,890
4677,890
4336,890
1566,891
4940,891
3562,891
3725,891
2520,891
5425,891
6815,892
5847,892
6787,892
4692,892
8079,892
5470,892
9827,893
2780,893
3036,893
7198,893
3364,894
6939,894
1162,894
750,894
2270,894
4659,894
3734,894
962,895
9287,895
4205,895
2550,895
480,895
6081,895
6287,896
5569,896
6949,896
2784,896
5250,896
10053,896
8609,896
879,896
3172,896
1108,897
4107,897
1376,897
10548,897
6319,897
5408,897
4571,897
3324,897
7178,897
6631,897
1906,897
9245,897
8181,898
10069,898
9334,898
8308,898
8431,899
5256,899
8990,899
2160,899
7053,899
4135,899
10074,899
8835,899
6211,900
10510,900
34,900
9478,900
4210,900
9539,900
5704,900
1378,900
6652,900
4789,901
240,901
9038,901
637,901
6670,901
1339,901
7467,901
298,901
7518,901
9636,901
10130,902
7216,902
8633,902
117,902
5228,902
7857,902
5460,902
565,902
644,902
8017,902
7182,902
3993,903
1788,903
8032,904
8336,904
3444,904
2071,904
849,905
2421,905
4686,905
6277,905
5837,905
2920,905
3787,905
9780,906
3759,906
9392,906
10357,907
6917,907
5682,907
4453,907
3929,907
7925,907
3829,908
684,908
6614,908
457,908
8691,909
1620,909
7431,909
7685,909
3033,909
8432,909
4869,910
639,910
2411,910
9139,910
6919,910
4835,910
5178,910
9006,910
8391,911
869,911
1931,911
9504,911
3390,911
4510,911
2212,911
5913,911
8582,911
7730,912
9565,912
8422,912
189,912
6265,912
3926,912
2533,912
9046,912
6400,912
5435,912
9605,912
9395,912
707,912
10378,913
8244,913
7084,913
9839,913
4565,913
239,913
342,913
3055,913
9800,913
6971,913
2527,914
3105,914
3347,914
9313,914
7427,914
430,914
4035,914
9913,915
2424,915
6206,915
9254,915
4448,915
10058,915
3245,915
9083,915
7905,916
432,916
7949,916
2943,916
10098,916
5857,916
5111,916
3080,916
8682,917
6880,917
9473,917
4909,917
63,917
8834,917
2109,917
6342,917
3286,917
779,918
7812,918
3637,918
9958,918
1982,918
3384,918
2252,919
2000,919
1355,919
2374,919
3479,919
2869,920
6032,920
8381,920
948,920
8556,920
8143,920
8212,921
6001,921
8683,921
999,921
3085,921
2957,921
4306,922
4523,922
2953,922
9279,922
1714,922
7034,922
8642,922
8002,922
2886,922
9374,922
8332,923
2574,923
964,923
5909,923
1075,923
4363,923
4473,923
2559,923
6727,923
7703,923
498,923
7210,924
2412,924
1515,924
1327,924
325,924
8121,924
5299,924
10183,925
9453,925
7860,925
2161,925
6951,925
774,925
9220,925
7477,925
78,925
4268,926
94,926
4854,926
6280,926
5440,927
1431,927
1247,928
957,928
9119,928
1937,928
3987,928
8360,928
1943,928
6978,928
1646,928
5224,929
1178,929
3457,929
2379,929
7923,929
2551,930
6279,930
8373,930
1975,930
7454,930
9445,930
9885,930
5305,931
4759,931
1326,931
690,931
4271,931
2745,931
7008,931
7513,932
5081,932
8383,932
1603,932
2671,932
4666,933
5082,933
3386,933
4218,933
196,933
9312,933
1145,933
1485,933
6952,933
1844,933
9645,934
9560,934
5685,934
6547,934
9662,934
622,934
4882,934
9727,934
2951,935
2695,935
10109,935
9075,935
537,935
1317,935
6745,936
9944,936
6110,936
306,936
6051,936
8426,936
101,937
698,937
985,937
8109,937
1769,937
3820,937
8480,937
3511,937
594,937
2613,937
6132,938
8799,938
4099,938
4212,938
2474,938
8694,938
2777,939
7330,939
10024,939
7919,939
8078,939
7577,940
7877,940
9614,940
6722,940
1054,940
4164,940
9301,940
1961,940
10261,940
5089,941
6618,941
9204,941
3537,941
4165,941
6925,941
10494,941
171,942
9175,942
8791,942
2287,942
1170,942
301,942
5060,943
5648,943
9682,943
8953,943
6632,944
5006,944
4339,944
2927,944
8967,944
9556,944
9819,945
4543,945
9410,945
2958,945
7836,945
6457,945
6497,946
1665,946
6363,946
6853,946
1651,946
4969,946
473,946
7273,946
9767,947
4381,947
6667,947
5745,947
4997,947
2442,947
2640,948
8824,948
3339,948
10149,948
6019,948
513,948
2841,948
1596,949
2464,949
2996,949
4856,949
7021,949
431,950
930,950
5856,950
694,950
8010,950
3619,950
7680,951
205,951
10549,951
1102,951
9356,951
1822,951
7049,952
3638,952
3506,952
433,952
1720,952
1673,952
1622,952
8527,953
6616,953
1285,953
1114,953
3253,953
4082,953
5017,953
9566,953
4836,953
5179,953
3117,954
9078,954
6388,954
2261,954
8106,954
5409,954
3273,955
2659,955
4472,955
1362,955
10229,955
7938,956
10304,956
967,956
4958,956
529,956
5331,956
3907,956
410,956
5771,956
3356,956
7987,956
3984,956
9651,956
1637,956
596,957
7622,957
826,957
8770,957
4228,958
5300,958
5389,958
9625,959
7524,959
2255,959
2815,959
4768,959
3488,959
10519,959
7184,959
4124,959
2433,959
10447,959
6442,960
4253,960
4499,960
